"Composite.Variable","Adaptive.Mgmt","Year","Site","alfalfa","alsike clover","antelope horns","birdsfoot trefoil","black medick","black-eyed susan","blackberry","blue-eyed grass","broadleaf plantain","buttercup","butterfly milkweed","canada anemone","catnip","chickweed","chicory","common cinquefoil","common milkweed","common mullein","compass plant","corn speedwell","crown vetch","culver's root","cup plant","daisy fleabane","dandelion","deptford pink","dogbane","downy cinquefoil","field milkwort","field mint","field pennycress","fieldcress","flowering spurge","fringed loosestrife","germander","golden alexander","grey-headed coneflower","grooved yellow flax","ground cherry","hairy mountain mint","hawkweed","hoary vervain","horsenettle","illinois bundleflower","ironweed","lady's thumb","lead plant","morning glory","moth mullein","multiflora rose","musk thistle","new england aster","old field goldenrod","osier dogwood","oxeye daisy","oxeye sunflower","pale purple coneflower","pale spike lobelia","partridge pea","prairie blazing star","prairie cinquefoil","prairie coreopsis","prairie petunia","prairie ragwort","prairie rose","prairie turnip","pretty bedstraw","purple coneflower","purple milkweed","purple prairie clover","pussy toes","queen anne's lace","rapeseed","rattlesnake master","red clover","ribwort plantain","rosinweed","round-headed bush clover","sawtooth sunflower","self-heal","shepherd's purse","showy goldenrod","showy tick trefoil","slender mountain mint","spiderwort","spotted st. john's wort","st. john's wort","sticky bedstraw","strawberry","sulfur cinquefoil","swamp agrimony","swamp milkweed","swamp vervain","tall coreopsis","tall green milkweed","thimbleweed","venus' looking glass","virginia bunchflower","white campion","white clover","white prairie clover","white sweet clover","white vervain","white wild indigo","whorled milkweed","wild bergamot","wild garlic","wild parsnip","wild quinine","winged loosestrife","yarrow","yellow oxalis","yellow sweet clover","Abundance","Species.Density","Diversity"
"14-BO","BO","14","KLT",0,0,0,4377,0,4,0,0,0,0,0,0,0,0,0,0,0,0,0,0,0,0,0,42,0,4,0,0,0,0,0,0,0,0,0,0,75,0,0,3,0,1,1,0,0,0,0,0,0,0,0,0,0,0,0,0,0,18,2,0,17,0,0,0,0,0,0,0,0,78,0,0,0,0,1,0,0,0,0,0,0,0,1,223,0,6,0,0,0,0,0,0,0,0,0,0,0,0,0,0,0,0,0,4,0,130,0,4,0,50,6,0,2,5049,22,0.663600924985339
"14-BO","BO","14","PAW",0,0,0,0,0,5,0,0,0,0,2,0,0,0,0,0,0,0,0,0,0,28,0,0,0,0,0,0,2,0,0,0,45,0,12,0,574,0,0,13,0,0,1,0,2,0,9,0,0,0,0,0,0,0,0,123,17,1,31,0,0,95,10,0,36,0,0,86,0,0,0,1,0,13,25,0,9,0,0,0,0,0,85,918,16,0,0,0,0,0,3,0,0,0,0,4,0,0,0,0,12,0,0,16,0,812,2,1,0,0,74,0,0,3083,34,2.07139612544172
"14-BO","BO","14","RIN",0,0,0,0,0,22,8,0,0,0,4,0,0,0,0,0,0,0,0,0,0,0,0,6,0,17,1,0,7,0,0,0,0,0,0,0,26,4,0,1,0,0,0,0,0,0,0,0,0,0,0,0,0,0,1,0,1,16,478,0,4,0,12,0,0,0,0,0,0,0,0,0,0,0,0,0,0,0,0,13,0,0,25,184,0,0,0,0,0,0,0,0,0,0,0,0,0,0,0,0,0,0,0,0,0,0,0,0,0,0,8,0,0,838,20,1.51410253744696
"14-GB","GB","14","GIL",0,1,0,1467,262,0,0,0,0,0,0,0,0,1,1,3,0,0,0,0,0,0,0,10,0,113,0,0,0,0,0,3,0,0,14,0,0,0,0,0,0,10,11,0,1,0,0,0,0,0,0,0,0,0,0,0,0,0,0,0,0,0,1,0,0,0,0,0,0,0,0,87,0,0,98,0,0,0,0,0,0,0,0,0,0,0,0,0,0,0,0,0,0,0,0,0,0,0,0,1013,0,1,0,0,0,61,0,2,0,0,0,10,22,3192,22,1.49051838862639
"14-GB","GB","14","LTR",0,1452,0,99,39,0,0,0,0,0,0,0,0,0,0,0,0,0,0,0,0,0,0,36,1,111,0,0,1,0,0,0,0,0,1,0,0,0,0,0,0,11,5,0,0,0,0,0,1,0,0,0,0,0,0,0,0,1,0,0,0,0,60,0,0,0,0,0,0,0,0,2,0,0,44,5,0,0,0,0,0,0,0,0,0,0,0,0,0,0,0,0,0,0,0,0,0,0,0,1509,0,0,0,8,0,0,0,0,0,0,1,0,0,3387,19,1.23709837277136
"14-GB","GB","14","PYW",0,3,0,7613,143,0,0,1,0,0,17,0,0,0,0,2,0,0,0,0,0,0,0,0,0,130,0,0,15,0,0,0,1,0,0,0,0,0,0,0,0,1,0,0,0,0,0,1,0,0,0,0,0,0,46,0,0,4,1,0,0,0,45,0,0,0,0,0,0,0,0,0,0,0,566,0,0,0,0,2,0,0,0,85,0,0,0,0,0,0,0,0,0,0,0,0,0,0,0,126,0,6,0,1,0,0,0,0,0,0,2,0,21,8832,23,0.652821532422424
"14-GB","GB","14","STE",0,10,0,2050,6,0,0,0,0,0,0,0,0,0,0,9,0,0,0,0,0,0,0,15,0,317,0,0,0,0,0,0,0,0,0,0,0,0,0,0,0,6,18,0,0,0,0,0,0,0,1,0,0,0,0,0,0,0,5,0,0,0,0,0,0,0,0,0,0,0,0,1,0,0,328,0,0,0,0,9,0,0,0,1,0,0,0,105,0,0,0,0,0,0,1,0,0,0,0,214,0,1,0,0,0,0,0,0,0,0,3,0,35,3135,20,1.25368920971342
"14-H+","H+","14","BSH",0,1,0,382,0,0,0,0,0,0,0,0,0,0,0,13,0,0,0,0,0,0,0,14,0,5,7,0,0,0,0,0,0,0,0,0,0,0,0,0,0,0,1,0,0,0,0,1,0,0,0,0,0,0,0,0,0,0,9,0,0,0,0,0,0,0,0,0,0,0,0,2,0,0,39,0,0,0,5,0,0,0,0,0,0,0,16,0,0,0,0,0,0,0,0,0,0,0,0,0,0,71,0,0,0,0,0,25,0,0,0,0,89,680,16,1.5777251363659
"14-H+","H+","14","DUN",0,0,0,0,0,20,0,0,7,17,0,0,0,0,197,0,4,0,0,0,0,0,0,50,0,17,0,0,4,0,0,0,0,0,0,0,16,0,0,0,0,0,7,0,7,0,0,0,0,0,0,0,0,0,0,478,0,0,0,1,0,0,0,0,0,0,0,0,0,0,0,1226,0,5,5210,0,8,0,0,30,0,0,0,0,6,0,0,0,0,0,0,0,0,0,0,0,0,0,4,129,0,0,0,0,1,0,0,0,0,0,0,0,0,7444,22,1.05439036597091
"14-H+","H+","14","RC2",17,17,0,3116,0,0,0,0,0,0,0,0,0,0,0,2,0,0,0,0,0,0,0,9,0,164,0,0,0,0,0,0,0,0,0,0,0,0,0,0,0,0,7,0,0,0,0,0,0,0,0,0,0,0,0,0,0,0,0,0,0,0,0,0,0,5,0,0,0,0,0,1,0,0,889,0,0,0,0,0,0,0,0,0,0,0,0,0,0,0,0,0,0,0,0,0,0,0,0,94,0,1,0,0,0,0,0,0,0,0,27,0,0,4349,13,0.883094034052232
"14-PBG","PBG","14","KLN",0,214,0,742,9,11,0,0,0,0,0,0,0,0,0,1,0,0,0,0,0,0,0,85,1,91,0,0,16,0,0,0,0,0,0,0,1,0,0,8,0,6,0,0,0,0,0,0,0,0,0,0,0,0,242,0,1,33,0,0,0,0,0,0,0,0,0,0,0,0,0,38,0,0,209,0,0,0,0,1,0,0,0,78,0,0,0,0,0,0,0,0,0,0,1,0,0,0,0,5686,0,4,0,0,0,4,0,0,0,0,81,0,37,7600,25,1.08626863829968
"14-PBG","PBG","14","PYN",0,2979,0,12009,1651,0,0,0,0,0,0,0,0,0,0,0,0,0,0,0,0,0,0,4,0,204,0,0,0,0,0,0,3,0,0,0,0,0,0,0,0,0,5,0,0,0,0,0,0,0,0,0,0,0,39,0,0,5,0,0,0,0,24,0,0,0,0,0,0,0,0,27,0,0,2650,0,0,0,0,3,0,0,0,4,0,0,0,0,0,0,0,0,0,0,4,0,0,0,0,799,0,51,0,0,0,0,0,0,0,0,1,0,220,20682,19,1.33458085976208
"14-PBG","PBG","14","PYS",0,4,0,4776,58,1,5,1,0,0,0,0,0,0,0,3,0,0,0,0,0,0,0,0,0,8,0,0,4,0,0,0,0,0,0,0,0,0,0,0,0,0,1,0,0,0,0,0,0,0,0,0,0,0,48,0,0,3,1,0,2,0,30,0,0,0,0,0,0,0,0,6,0,0,1022,1,0,0,0,1,0,0,0,68,0,0,0,0,0,0,0,0,0,0,0,0,0,0,0,185,0,1,0,2,0,0,0,0,0,0,5,0,14,6250,25,0.83343936980981
"14-PBG","PBG","14","RIS",0,4,0,27074,106,0,0,0,0,0,0,0,0,0,0,6,0,0,0,0,0,0,0,2,0,50,0,0,0,0,0,0,0,0,0,0,25,0,0,4,0,0,3,0,4,0,0,0,0,0,0,0,0,0,1,0,0,4,3,0,0,0,56,0,15,0,0,0,0,0,0,8,0,0,180,0,0,0,0,1,0,2,0,490,0,0,0,0,0,0,30,0,0,0,0,0,0,0,0,119,0,7,0,5,0,29,0,0,0,0,22,0,10,28260,27,0.260787385052664
"15-BO","BO","15","KLT",0,0,0,505,0,11,0,0,0,0,0,0,0,0,0,0,0,0,0,0,0,0,0,66,0,0,0,0,0,0,0,0,0,0,0,0,234,0,0,0,0,0,0,0,0,0,0,0,0,0,0,0,0,0,0,0,0,3,0,5,0,0,2,0,0,0,0,0,0,18,0,3,0,1,0,0,0,0,1,0,0,0,35,323,3,0,12,0,0,0,0,0,0,0,0,0,0,0,0,0,0,0,0,0,0,1172,0,0,0,0,1,13,0,2408,18,1.50338308221204
"15-BO","BO","15","PAW",0,0,0,0,0,83,3,0,0,0,5,0,0,0,0,3,0,0,0,0,0,0,0,18,0,0,0,0,0,0,0,0,0,0,0,0,296,0,0,71,0,0,2,0,4,0,24,0,0,0,0,0,0,0,0,0,16,4,58,4,9,245,2,0,18,0,0,53,0,25,0,6,0,44,0,0,0,0,196,0,0,0,180,779,42,0,2,41,0,0,58,0,0,0,0,0,0,2,0,0,6,0,0,12,0,1153,0,0,1,0,23,0,3,3491,36,2.24792922927374
"15-BO","BO","15","RIN",0,0,0,0,0,109,1,0,0,0,1,0,0,0,0,0,0,0,0,0,0,0,0,21,0,0,0,0,3,0,0,0,0,0,0,0,43,0,0,31,0,0,0,0,0,0,0,0,0,0,0,0,0,0,0,0,4,83,134,0,3,0,5,0,0,0,0,0,0,0,0,0,0,0,0,0,0,0,0,1,0,0,0,190,0,0,1,0,0,0,0,0,0,0,0,0,0,0,0,0,0,0,0,0,0,0,0,0,0,0,7,1,0,638,17,1.91712921155465
"15-GB","GB","15","GIL",0,0,0,936,0,0,0,0,0,0,0,0,0,11,9,0,0,0,0,0,0,0,0,167,1,0,0,0,0,0,0,0,0,0,33,0,0,0,1,0,0,29,23,0,6,0,0,0,0,0,0,0,0,0,0,0,0,0,0,0,0,0,2,0,0,0,0,0,0,0,0,18,0,0,26,0,0,0,0,5,0,0,0,0,0,0,0,0,0,0,0,0,0,0,0,0,0,0,0,1645,0,0,1,0,0,169,0,0,0,0,0,90,0,3172,18,1.37842938007441
"15-GB","GB","15","LTR",0,11,0,28,0,0,0,0,0,0,0,0,0,0,0,0,0,0,0,1,0,0,0,488,0,0,0,0,0,0,0,0,0,0,7,0,0,0,0,0,0,205,23,0,59,0,0,0,0,0,0,0,0,0,0,0,0,0,5,0,0,0,42,0,1,0,0,0,0,0,0,180,0,0,76,0,0,0,0,7,0,0,0,40,0,0,2,0,0,0,0,0,4,0,0,0,0,0,0,2628,0,0,12,10,4,5,0,0,0,0,60,116,11,4025,25,1.40890291033258
"15-GB","GB","15","PYW",0,0,0,6177,0,16,0,0,0,0,0,0,0,0,0,0,0,0,0,0,0,0,0,4,0,4,0,0,0,0,0,0,0,0,0,0,3,0,0,0,0,0,1,0,7,0,0,0,0,0,0,0,0,0,3,0,0,45,20,0,1,0,69,0,0,0,0,0,0,0,0,169,0,0,877,0,0,0,0,5,0,0,0,610,0,0,0,0,0,0,0,0,0,0,0,0,0,0,0,67,0,0,0,0,0,0,0,0,0,0,0,2,0,8080,18,0.887143680798719
"15-GB","GB","15","STE",0,0,0,1736,1,38,0,0,0,0,0,0,0,0,0,0,0,0,0,0,0,0,0,572,0,8,0,0,0,0,0,0,0,0,10,4,0,0,0,0,0,2,12,0,0,0,0,0,0,0,0,0,0,0,0,0,0,13,0,0,0,0,1,0,1,0,0,0,0,0,0,28,0,0,243,0,0,0,0,106,0,0,0,7,0,0,0,0,0,11,0,0,2,0,3,0,0,0,0,398,0,0,0,0,0,15,0,0,0,0,2,0,6,3219,23,1.4811161122821
"15-H+","H+","15","BSH",26,17,0,49,0,20,0,0,0,0,0,0,0,0,0,0,0,0,0,0,0,0,0,477,0,8,20,0,0,0,0,0,0,0,0,0,0,0,0,0,0,0,0,0,0,0,0,6,0,0,0,0,0,0,0,0,0,0,65,0,0,0,0,0,0,0,0,0,0,0,0,520,0,0,1061,0,0,0,0,0,0,0,0,0,0,0,0,0,0,0,0,0,0,0,0,0,0,0,0,9,0,0,0,0,0,0,0,13,0,0,0,15,1,2307,15,1.49241869719365
"15-H+","H+","15","DUN",0,0,0,0,0,7,0,0,0,0,0,0,0,0,24,37,0,0,0,0,0,0,0,533,0,51,1,0,0,0,0,0,0,0,0,0,2,0,0,0,0,0,0,0,0,0,0,3,0,0,0,0,0,0,75,0,0,0,0,0,0,0,0,0,0,0,0,0,0,0,0,48,0,0,10885,0,0,0,29,0,0,0,0,0,145,0,0,0,0,2,0,0,0,0,0,0,0,0,0,85,0,0,0,0,0,0,0,0,0,0,10,0,0,11937,16,0.45016847586044
"15-H+","H+","15","RC2",10,15,0,3672,0,0,0,0,0,0,0,0,0,0,0,0,0,0,0,0,0,0,0,42,0,0,0,0,0,0,0,0,0,0,0,0,0,0,0,0,0,0,0,0,0,0,0,4,0,0,0,0,0,0,0,0,0,0,0,0,0,0,1,0,0,0,0,0,0,20,0,56,0,0,479,0,0,0,0,0,0,0,0,0,0,0,0,0,0,1,0,0,7,0,0,0,0,0,0,147,0,0,4,0,0,0,0,0,0,0,0,65,0,4523,14,0.759749726950943
"15-PBG","PBG","15","KLN",0,122,0,888,5,382,0,0,0,0,0,0,0,0,0,0,0,0,0,0,0,0,0,407,0,12,0,0,2,0,0,0,0,0,0,0,6,0,0,0,0,0,0,0,0,0,0,0,0,0,0,0,0,0,16,0,0,2,0,0,0,0,0,0,0,0,0,0,0,1,0,455,0,0,206,0,0,0,0,13,0,0,0,234,0,0,0,0,0,0,1,0,0,0,0,0,0,0,0,3977,0,15,0,0,0,0,0,0,0,0,24,0,0,6768,19,1.47676516201001
"15-PBG","PBG","15","PYN",0,0,0,9367,0,12,0,0,0,0,0,0,0,0,0,3,0,0,0,0,0,0,0,13,0,8,0,0,0,0,0,0,0,0,0,0,5,0,0,0,0,1,2,0,0,0,0,0,0,0,0,0,0,0,80,0,0,7,0,0,0,0,21,0,0,0,0,0,0,0,0,403,0,0,4307,0,0,0,0,42,0,0,0,4,0,0,2,0,0,0,0,0,0,0,6,0,0,0,0,3117,0,0,2,0,0,0,0,0,0,0,0,0,152,17554,20,1.19068037726893
"15-PBG","PBG","15","PYS",0,0,0,10002,0,27,0,0,0,0,3,0,0,0,0,0,0,0,0,0,0,0,0,158,0,0,0,0,67,0,0,0,0,0,0,0,21,0,0,0,0,1,2,0,1,0,0,0,0,0,0,0,0,0,187,0,0,24,6,0,0,0,47,0,0,0,0,0,0,0,0,92,0,0,5602,0,0,0,0,104,0,0,0,588,0,0,4,0,0,0,0,0,0,0,1,0,0,0,0,173,0,5,0,3,0,3,0,0,0,0,7,1,20,17149,26,1.08486384685609
"15-PBG","PBG","15","RIS",0,0,0,5460,0,0,0,0,0,0,0,0,0,0,0,0,0,0,0,0,0,0,0,61,0,1,0,0,12,0,0,0,0,0,0,0,40,0,0,0,0,0,4,0,9,0,0,0,0,0,0,0,0,0,7,0,0,4,0,0,0,0,61,0,6,0,0,0,0,0,3,63,0,0,263,0,0,0,0,48,0,20,2,170,0,0,0,0,0,0,78,0,1,0,0,0,0,0,0,16,0,0,0,5,0,654,0,0,0,0,21,0,30,7039,25,0.993515846727868
"16-BO","BO","16","KLT",0,0,0,2123,0,31,0,0,0,0,0,0,0,0,0,0,0,0,0,0,0,0,0,59,0,2,10,0,0,0,0,0,0,0,0,0,562,0,0,0,0,2,0,0,54,0,0,0,0,0,0,0,0,0,0,0,0,0,70,4,15,13,0,0,0,0,0,0,0,22,0,12,0,86,0,0,0,3,0,0,0,0,73,4735,0,0,0,0,0,0,0,0,35,4,0,0,0,0,0,0,0,0,0,0,0,561,0,0,0,0,7,0,2,8485,23,1.3440773301122
"16-BO","BO","16","PAW",0,0,0,59,0,389,1,0,0,0,0,0,0,0,0,0,0,0,0,0,0,24,0,16,0,0,0,0,0,0,0,0,50,0,193,0,338,0,0,1230,0,0,2,0,37,0,0,6,0,0,0,0,0,0,0,45,6,0,0,25,3,1,1,0,9,0,0,7,0,52,0,9,0,125,0,0,20,0,0,5,0,0,20,8020,0,0,0,1100,0,0,162,0,1,7,0,0,0,29,0,0,43,0,0,2,0,1710,0,0,6,0,14,0,0,13767,37,1.56242831805642
"16-BO","BO","16","RIN",0,0,0,0,0,140,79,3,0,0,0,0,0,0,0,4,0,0,0,0,0,0,0,295,0,7,0,0,0,0,0,0,0,0,0,0,155,15,0,0,0,0,0,0,2,0,0,0,0,0,0,0,0,0,0,0,0,230,11,0,23,0,9,0,3,0,0,0,0,0,0,0,0,0,0,0,0,0,0,5,0,0,0,741,2,0,38,0,0,0,0,0,61,0,0,0,0,0,0,0,0,18,0,0,2,6,0,0,0,0,8,0,18,1875,24,2.01051008058477
"16-GB","GB","16","GIL",0,25,0,1823,129,41,0,0,0,0,0,0,0,0,111,3,0,0,0,0,0,0,0,1655,0,254,0,0,0,0,0,0,0,0,103,0,3,0,0,0,0,588,41,0,247,0,0,0,0,0,0,0,0,0,0,0,0,0,0,0,1,0,1,0,0,0,0,0,0,0,0,585,0,0,115,945,0,0,0,88,0,0,0,0,0,0,0,0,0,0,0,0,120,0,0,0,0,0,0,5679,0,6,70,0,0,583,0,5,0,0,0,10,21,13252,27,1.99015921981492
"16-GB","GB","16","LTR",0,0,0,40,38,13,0,0,0,0,0,0,0,0,0,0,0,0,0,0,0,0,0,1168,0,289,0,0,0,0,0,0,0,0,1,0,0,0,0,0,0,483,27,0,210,0,0,0,0,0,1,0,0,0,0,0,0,17,20,0,0,0,14,0,0,0,0,0,0,0,0,608,1,0,54,160,0,0,0,14,0,0,0,238,0,0,0,0,0,0,0,0,561,0,0,0,0,0,0,6068,0,0,15,8,0,12,0,0,0,0,55,0,6,10121,26,1.56120502021463
"16-GB","GB","16","PYW",0,0,0,7319,210,338,0,0,0,0,6,0,0,0,0,0,0,0,0,0,0,0,0,934,0,298,0,0,0,0,0,0,0,0,4,0,15,10,0,0,0,5,3,0,5,0,0,0,0,1,0,0,0,0,2106,0,0,82,0,0,2,0,27,0,0,0,0,0,0,0,0,527,0,0,1821,5,0,0,0,52,0,0,0,2859,0,0,21,0,0,0,0,0,0,0,3,0,0,0,0,270,0,27,0,0,0,0,0,0,0,0,17,10,50,17027,29,1.82311415221662
"16-GB","GB","16","STE",0,0,0,12010,202,93,0,0,0,0,0,0,0,63,6,1,0,0,0,0,0,0,0,117,0,0,0,0,0,0,0,0,0,4,39,0,0,0,0,0,0,30,301,0,9,6,0,0,0,0,0,0,0,0,0,0,1,107,37,0,45,0,5,0,0,0,0,0,0,0,0,386,0,0,886,347,0,0,0,59,0,0,0,255,0,0,7,0,0,0,0,0,23,0,0,0,0,0,0,562,0,0,0,0,0,56,0,0,0,0,14,1,3,15675,30,1.12040362612716
"16-H+","H+","16","BSH",2,236,0,55,0,35,0,0,0,0,0,0,0,0,0,23,0,0,0,0,0,0,0,4594,0,191,10,0,0,0,0,0,0,0,0,0,29,0,0,0,0,0,0,0,0,0,0,0,0,0,0,0,0,0,0,0,0,0,195,0,0,0,0,0,0,0,0,0,0,0,0,2325,0,0,2744,0,0,0,3,0,0,0,0,0,0,0,0,0,0,0,0,0,0,0,0,0,0,0,7,0,0,0,0,0,0,14,0,48,0,0,0,0,29,10540,17,1.41823911641359
"16-H+","H+","16","DUN",0,0,0,0,0,0,0,0,0,0,0,0,0,0,54,1,0,0,5,0,0,0,0,36,0,0,32,0,8,0,0,0,0,0,0,0,2,0,0,0,0,0,44,0,0,3,0,21,0,0,0,0,0,0,0,21,0,7,0,0,1,1,0,0,0,0,0,0,0,0,0,30,0,21,2310,402,1,0,0,0,0,0,0,0,355,0,0,0,0,0,0,0,0,0,0,0,0,0,0,38,0,0,0,0,0,5,0,0,6,0,0,0,0,3404,23,1.22853350974885
"16-H+","H+","16","RC2",18,82,0,12749,0,163,0,0,0,0,0,0,0,0,0,2,0,0,0,0,0,0,0,1155,0,746,0,0,0,0,0,0,0,0,0,0,60,0,0,0,0,23,13,0,0,0,0,3,0,0,0,0,0,0,0,0,0,0,0,0,31,0,62,0,0,0,0,0,0,0,0,1079,0,0,3258,795,0,0,1,0,0,0,5,78,0,0,0,0,0,0,0,0,460,0,0,0,0,0,0,16,0,0,4,0,0,17,0,1,0,0,1,0,0,20822,25,1.39392105304705
"16-PBG","PBG","16","KLN",0,266,0,754,9,129,0,2,0,0,0,0,0,0,0,0,0,0,0,0,0,0,0,522,0,21,0,0,0,0,0,0,0,0,0,0,22,0,0,16,0,0,2,0,0,0,0,0,0,0,0,0,0,0,268,0,1,10,0,0,0,0,1,0,0,0,0,0,0,0,0,645,0,0,351,2,0,0,0,47,0,0,0,549,0,0,0,0,0,0,0,0,16,0,0,0,0,0,0,2423,0,40,0,0,0,0,0,0,0,0,21,1,18,6136,25,2.01406278798002
"16-PBG","PBG","16","PYN",1,7,0,6581,412,11,0,0,0,0,0,0,0,0,0,0,0,0,0,0,0,0,0,20,5,2,0,0,0,0,0,0,0,0,0,0,3,0,0,0,0,10,95,0,0,0,0,0,0,0,0,0,0,0,52,0,0,9,0,0,0,0,20,0,0,0,0,0,0,0,0,331,0,0,1526,188,0,0,0,14,0,0,0,10,0,0,1,0,0,0,0,0,25,0,13,0,0,0,0,1775,0,105,20,0,0,1,0,2,0,0,0,1,46,11286,29,1.40427083317308
"16-PBG","PBG","16","PYS",0,0,0,8483,0,80,3,0,0,0,20,0,0,0,0,0,0,0,0,0,0,0,0,39,0,0,0,0,0,0,0,0,0,0,0,0,1,0,0,0,0,1,1,0,2,0,0,0,0,0,0,0,0,0,313,0,0,67,0,0,0,0,9,0,0,0,0,0,0,0,0,238,0,0,1118,0,0,0,0,30,0,0,0,7908,0,0,2,0,0,0,0,0,0,0,0,0,0,0,0,118,0,0,0,0,0,8,0,0,0,0,8,0,9,18458,21,1.14179028146319
"16-PBG","PBG","16","RIS",0,0,0,6103,5,0,0,0,0,0,0,0,0,0,0,0,0,0,0,0,0,9,0,14,0,5,0,0,0,31,0,0,0,0,0,0,21,0,0,766,0,0,7,0,45,0,0,0,0,0,0,0,0,0,0,0,0,33,0,0,0,0,2,0,15,0,0,0,0,0,0,285,0,0,121,0,0,0,0,16,0,0,0,1113,0,0,14,0,0,0,68,0,8,0,3,0,0,0,0,40,0,0,0,10,0,249,0,0,0,0,11,0,1,8995,26,1.2303397568131
"17-BO","BO","17","KLT",0,0,0,3412,0,15,0,0,0,0,0,0,0,0,0,2,0,0,0,0,0,0,0,408,0,0,3,0,0,0,0,0,0,0,1,0,360,0,0,0,0,0,0,0,20,0,0,0,0,0,0,0,0,0,0,0,0,0,1,0,15,0,1,0,0,0,0,0,0,0,0,8,0,0,0,0,0,0,0,0,0,0,41,1136,0,0,0,0,0,8,0,0,0,0,0,0,0,0,0,1,0,1,0,10,0,196,0,1,0,9,0,0,3,5652,22,1.25610647986614
"17-BO","BO","17","PAW",0,2,0,5,0,394,15,0,60,0,30,0,0,0,0,0,4,0,6,0,0,128,192,479,0,2,0,0,0,6,0,0,17,0,148,0,248,7,0,958,0,0,1,0,127,0,55,0,0,0,0,0,0,0,0,3,22,39,10,298,0,16,0,0,70,0,55,126,2,107,0,20,0,1147,15,0,194,0,0,0,0,0,165,6107,112,0,8,0,0,12,260,0,25,0,0,1,0,128,0,0,97,0,0,14,0,2354,0,87,134,45,340,0,0,14897,52,2.32458005879217
"17-BO","BO","17","RIN",0,0,0,0,0,409,0,9,0,0,59,0,0,0,0,2,0,0,9,0,0,0,0,2026,0,0,0,0,0,0,0,0,0,0,0,0,229,0,10,377,0,0,0,0,60,0,0,0,0,0,0,0,0,0,0,0,3,104,105,0,8,0,11,6,0,0,0,0,0,0,0,1,0,0,0,0,0,0,0,3,0,0,152,2422,0,15,0,0,0,22,0,10,82,0,12,0,0,0,0,0,0,0,0,0,16,6,0,0,0,26,8,0,0,6202,29,1.75678125178093
"17-GB","GB","17","GIL",0,871,0,4471,153,7,0,0,48,0,0,0,0,9,109,3,0,0,0,0,0,0,0,1166,1,384,0,0,0,0,0,0,0,0,120,0,7,0,0,0,0,145,9,0,95,0,0,0,0,120,0,0,0,0,0,0,0,0,0,0,6,0,7,0,0,0,0,0,0,0,0,280,0,0,533,2209,0,0,0,53,0,0,0,58,0,0,0,0,0,0,0,0,2,0,0,0,0,0,0,6165,0,0,0,0,0,1004,0,0,0,0,0,12,31,18078,29,1.99645813580922
"17-GB","GB","17","LTR",0,188,0,240,376,9,0,1,405,0,0,0,3,0,0,0,0,0,0,1,0,0,0,1407,0,331,0,0,0,0,0,0,0,0,41,0,5,7,0,34,0,66,18,0,393,0,0,0,5,0,0,0,0,0,0,0,0,1,7,0,0,0,47,0,0,0,0,0,0,0,0,1356,0,0,482,1318,0,0,0,4,0,0,15,263,0,0,1,0,0,0,1,0,14,0,0,0,0,0,0,1886,0,0,0,16,0,19,0,0,0,0,94,0,8,9062,35,2.40030059958356
"17-GB","GB","17","PYW",0,14,0,20487,23,80,0,10,0,0,0,9,0,0,0,37,0,0,0,0,0,0,0,564,0,63,0,0,0,0,0,6,0,0,7,0,13,0,0,0,0,0,7,0,0,0,0,0,0,12,0,0,0,0,848,0,0,2,0,0,0,0,42,0,0,0,0,0,0,0,0,115,0,0,1331,25,0,0,0,99,0,0,0,1680,0,22,10,0,0,0,0,0,0,0,0,0,0,0,0,260,0,3,0,33,0,1,0,0,0,0,22,0,0,25825,29,0.916539499980206
"17-GB","GB","17","STE",0,69,0,12603,210,1024,0,0,19,0,0,0,0,12,53,0,0,0,0,0,0,0,0,6034,0,876,0,0,0,74,0,0,0,0,106,0,7,0,0,0,0,1,10,8,35,0,0,0,0,0,0,0,0,0,0,0,0,3,23,0,0,0,8,0,0,0,210,0,0,0,0,1745,3,0,6646,1082,0,0,0,106,0,0,0,190,22,0,3,0,0,4,0,0,17,0,9,0,6,0,0,313,0,0,0,0,0,115,0,1,0,0,151,0,33,31831,37,1.80989521824578
"17-H+","H+","17","BSH",0,2,0,116,5,63,0,0,0,0,0,3,0,0,0,14,0,0,0,0,0,0,0,3052,0,73,2,0,0,0,0,0,12,0,0,0,368,0,0,0,0,0,2,0,0,0,0,2,0,0,0,6,0,1,0,0,0,0,0,0,0,0,0,0,0,0,0,0,0,0,0,651,0,0,116,0,0,0,1,32,0,0,24,0,0,0,0,0,0,0,0,0,0,0,0,0,0,0,4,0,0,0,0,0,0,67,0,57,0,0,0,0,1,4674,24,1.31328892751355
"17-H+","H+","17","DUN",0,0,0,0,0,64,0,0,0,0,0,0,0,0,175,29,15,0,0,0,0,0,0,17815,0,272,122,16,0,0,0,0,0,0,0,0,157,0,0,0,0,0,31,0,0,0,0,1,0,0,0,0,0,0,53,269,0,0,0,0,0,0,0,0,0,0,0,0,0,0,0,904,0,84,4158,1225,4,0,0,1,0,0,0,0,63,0,47,0,0,22,0,0,0,0,0,0,0,0,0,1,0,0,0,0,0,27,0,11,0,0,0,0,0,25566,25,1.11500573864099
"17-H+","H+","17","RC2",0,0,0,12699,0,5,0,0,0,0,0,0,0,0,0,0,0,0,0,0,5,0,0,187,0,1,0,1,0,0,2,0,0,0,0,0,574,0,0,0,0,0,15,0,0,0,0,166,0,0,0,0,5,0,0,2,0,0,0,0,0,0,17,0,0,0,0,0,0,0,0,125,0,0,0,0,0,0,0,0,0,0,159,244,0,0,0,0,0,5,0,0,965,0,0,0,0,0,0,0,0,0,0,0,0,334,0,0,0,0,0,0,0,15511,19,0.82223490279482
"17-PBG","PBG","17","KLN",0,90,0,1936,157,71,0,0,0,0,0,0,0,0,0,0,0,0,0,0,0,0,0,66,0,19,0,0,10,0,0,0,0,0,0,0,8,0,0,1,0,0,0,0,0,0,5,0,0,0,0,0,0,0,41,0,0,0,0,0,0,0,0,0,0,0,0,0,0,0,0,119,0,1,317,4,0,0,0,4,0,0,0,124,0,0,0,0,0,0,0,0,0,0,10,0,0,0,0,189,0,0,0,0,0,0,0,0,0,0,19,0,3,3194,21,1.56861554731631
"17-PBG","PBG","17","PYN",0,37,0,12533,1,4,0,0,0,0,5,0,0,0,0,0,0,0,0,0,0,0,0,22,0,5,0,0,0,0,0,0,0,0,1,0,0,0,0,0,0,0,114,0,16,0,0,0,0,0,0,0,0,0,34,0,0,3,0,0,1,0,41,0,0,0,0,0,0,0,0,349,0,0,2483,66,0,0,0,14,0,0,0,0,0,0,0,0,0,0,0,0,46,0,18,0,0,0,0,768,0,24,0,0,2,2,0,0,0,0,0,1,29,16619,26,0.895857645088868
"17-PBG","PBG","17","PYS",0,3,0,33197,0,79,0,0,0,0,2,0,0,0,0,1,0,0,0,0,0,0,0,26,0,0,0,0,0,0,0,0,0,0,15,0,0,0,0,0,0,0,48,0,45,0,0,0,0,0,0,0,0,0,129,0,0,32,0,0,0,0,60,0,0,0,0,0,0,0,0,739,0,0,1143,1,0,0,0,9,0,0,0,3265,0,0,3,0,6,0,0,0,2,0,29,0,0,0,0,59,0,0,0,2,0,25,0,0,0,0,7,0,0,38927,25,0.622120849825548
"17-PBG","PBG","17","RIS",0,0,0,21314,81,0,731,0,29,0,0,3,0,1,0,10,0,0,0,0,0,0,0,5,0,9,0,0,0,0,0,0,0,0,10,0,18,0,0,106,0,2,44,0,35,0,0,0,0,8,0,0,0,0,0,0,0,21,0,0,0,0,25,0,12,0,0,0,0,0,0,183,0,0,107,10,0,0,0,16,3,0,0,3632,0,0,7,0,0,0,1,0,0,0,0,0,0,0,0,163,0,0,0,30,0,55,0,0,0,0,13,0,0,26684,31,0.77354740995158
"18-BO","BO","18","KLT",0,0,0,2116,0,155,0,0,0,0,0,0,0,0,0,0,0,0,0,0,0,0,0,1576,0,5,0,0,0,0,0,0,0,74,0,0,424,0,0,0,0,0,0,0,1,0,0,0,0,0,0,0,0,0,0,0,0,0,0,0,6,10,0,0,0,0,0,0,0,76,0,4,0,44,0,0,0,0,0,0,0,0,39,26,0,0,0,0,0,0,0,0,0,0,0,0,0,0,0,0,2,32,0,3,0,14,0,26,0,0,0,3,5,4641,21,1.44185723210907
"18-BO","BO","18","PAW",0,0,0,7,0,95,144,0,0,0,40,10,0,0,0,0,15,0,0,0,0,74,0,133,0,5,0,0,0,0,0,0,30,0,75,0,125,0,26,302,0,0,3,0,35,0,53,1,0,0,0,0,0,0,0,225,7,0,35,6,0,2,8,0,76,0,0,85,15,112,0,1,0,145,0,0,1,0,11,0,0,0,127,176,72,0,0,0,0,0,0,0,0,0,0,0,0,7,0,0,102,0,0,3,2,110,0,8,66,14,34,0,0,2623,44,3.21084238081084
"18-BO","BO","18","RIN",0,0,0,0,0,5,22,0,0,0,61,0,0,0,0,0,0,0,6,0,0,0,0,322,0,5,0,0,0,0,0,0,0,0,0,0,17,0,0,0,0,0,0,0,0,0,0,6,0,0,0,0,0,0,0,0,0,4,0,0,1,0,14,23,0,0,0,2,0,0,0,0,0,0,0,0,0,0,21,0,0,0,0,31,0,0,0,0,24,0,0,11,0,0,0,0,0,0,0,0,0,82,0,0,15,0,0,0,0,2,74,2,1,751,23,2.12578587850676
"18-GB","GB","18","GIL",0,9,0,2474,54,0,0,0,0,0,0,2,1,0,297,1,4,1,0,0,0,0,0,45,2,112,0,0,0,0,0,3,0,0,45,0,11,0,0,0,0,16,30,0,61,0,0,0,0,68,0,0,0,0,0,0,0,0,0,0,0,0,4,0,0,0,0,0,0,0,0,260,0,0,198,501,0,0,0,12,0,0,0,45,0,0,0,0,0,0,0,0,0,0,0,0,0,0,0,868,0,0,0,0,0,56,0,0,0,0,16,0,3,5199,29,1.86063354072182
"18-GB","GB","18","LTR",0,11,0,81,168,32,0,0,0,0,7,0,0,0,0,1,0,0,0,0,0,0,0,680,0,112,0,0,0,0,0,0,0,0,23,0,99,0,0,0,0,15,11,0,174,0,0,0,0,0,0,0,0,0,0,0,0,12,0,0,0,0,26,0,0,0,0,0,0,0,0,552,0,0,285,70,0,0,0,0,0,0,0,242,0,1,8,0,0,0,0,0,0,0,0,0,0,0,0,20,0,1,0,20,3,21,0,0,0,0,474,0,26,3175,28,2.43535177251111
"18-GB","GB","18","PYW",0,0,2,17511,0,35,0,0,0,0,0,0,0,0,0,0,0,0,0,0,0,0,0,103,0,1,0,0,0,0,0,0,0,0,8,0,119,0,1,0,1,1,42,0,37,0,0,1,0,0,0,0,0,0,39,0,0,52,0,0,0,0,305,0,0,0,0,0,0,0,0,136,0,0,1264,32,0,0,1,3,0,0,0,757,0,0,0,0,0,58,0,0,0,0,10,0,0,0,0,121,0,48,0,0,0,61,0,0,0,0,8,0,2,20759,29,0.75018697228077
"18-GB","GB","18","STE",0,27,0,13212,26,33,0,0,0,0,0,0,0,72,34,0,0,0,0,0,0,0,0,267,0,273,0,0,0,0,5,2,0,0,149,0,5,0,0,0,0,0,47,4,0,0,0,4,11,0,0,0,0,0,0,0,0,0,0,0,1,0,6,0,0,0,0,0,0,0,0,3,165,0,846,273,1,0,0,16,0,0,0,102,4,0,0,150,0,3,0,0,0,0,24,0,0,0,0,17,0,0,0,0,0,27,0,2,0,0,10,3,0,15824,34,0.841127274271766
"18-H+","H+","18","DUN",0,0,0,0,0,14,0,0,0,0,0,0,0,0,238,0,6,0,14,0,0,0,0,306,0,40,48,0,0,0,0,0,0,0,0,1,359,0,0,0,0,0,9,0,0,0,0,20,0,0,6,0,0,0,154,39,1,0,0,0,6,0,1,0,0,0,0,0,0,0,0,220,0,0,4437,325,6,0,163,0,0,0,0,0,381,0,0,0,0,2,0,0,0,0,0,0,0,0,0,5,0,0,0,0,0,0,0,0,7,0,142,0,0,6950,27,1.54249489957481
"18-H+","H+","18","RC2",40,5,0,8452,0,4,0,0,0,0,6,2,0,0,0,0,0,0,0,0,29,0,0,349,0,77,0,0,0,0,0,0,0,0,0,0,630,0,0,0,0,0,12,0,14,0,0,0,0,0,0,0,0,0,0,0,0,0,0,0,0,0,4,0,0,0,0,0,0,0,0,701,0,0,128,0,0,0,4,0,0,0,0,72,0,0,21,0,0,5,0,0,0,0,0,0,0,0,0,0,0,0,0,0,0,185,0,4,0,0,0,0,0,10744,21,0.926053569984598
"18-PBG","PBG","18","KLN",0,305,0,1455,370,482,0,0,0,0,0,0,0,0,0,0,0,0,0,0,0,0,0,160,1,213,0,0,1,0,0,0,0,0,0,0,19,0,0,20,0,0,3,0,1,1,0,0,0,0,0,0,0,0,71,0,0,68,0,0,0,0,1,0,0,0,0,0,0,0,0,609,0,0,704,7,0,0,0,67,0,0,0,134,0,7,0,0,0,0,0,0,0,0,0,0,0,0,0,729,0,428,0,0,0,1,0,0,0,0,169,1,48,6075,28,2.43917433464735
"18-PBG","PBG","18","PYN",0,26,0,9102,69,17,0,0,0,0,5,0,0,0,0,0,0,0,0,0,0,0,0,99,0,24,0,0,0,0,0,0,0,0,0,0,4,0,0,0,0,0,38,0,11,0,0,0,0,0,0,0,0,0,33,0,0,0,0,0,0,0,30,0,0,0,0,0,0,0,0,287,0,0,660,63,0,0,0,10,0,0,0,18,0,0,0,0,0,0,0,0,0,0,23,0,0,0,0,479,0,21,0,0,1,0,0,0,0,0,0,0,61,11081,22,0.837559158115099
"18-PBG","PBG","18","PYS",0,2,0,12402,33,112,0,0,0,0,0,0,0,0,0,1,0,0,0,0,0,0,0,68,0,55,0,0,0,0,0,0,0,0,24,0,0,0,0,0,0,0,51,0,2,0,0,0,0,0,0,0,0,0,190,0,0,159,0,0,0,0,1,0,0,0,0,0,0,0,0,330,0,0,1667,0,0,0,0,2,0,0,0,440,0,0,0,0,0,2,0,0,0,0,1,0,0,0,0,250,0,0,0,7,0,2,0,0,0,0,69,9,11,15890,25,0.936784562517473
"18-PBG","PBG","18","RIS",0,1,0,8295,455,3,27,0,0,0,0,0,29,0,0,0,0,0,0,0,0,1,0,269,0,187,0,0,0,0,0,0,0,0,7,0,18,0,0,23,0,12,66,0,131,0,0,0,0,0,0,0,0,0,24,0,0,2,0,0,4,0,41,0,0,0,0,0,0,0,0,657,0,0,457,112,0,0,0,4,0,0,0,270,0,5,0,0,9,0,1,0,0,0,4,0,0,0,0,173,0,124,0,3,0,52,0,0,0,18,28,9,41,11562,36,1.33083370584644
